picture,Rate
./EKG_unzip\EKG_001-120\1.jpg,78
./EKG_unzip\EKG_001-120\2.jpg,84
./EKG_unzip\EKG_001-120\3.jpg,150
./EKG_unzip\EKG_001-120\4.jpg,120
./EKG_unzip\EKG_001-120\5.jpg,42
./EKG_unzip\EKG_001-120\6.jpg,72
./EKG_unzip\EKG_001-120\7.jpg,12
./EKG_unzip\EKG_001-120\8.jpg,54
./EKG_unzip\EKG_001-120\9.jpg,78
./EKG_unzip\EKG_001-120\10.jpg,96
./EKG_unzip\EKG_001-120\11.jpg,126
./EKG_unzip\EKG_001-120\12.jpg,84
./EKG_unzip\EKG_001-120\13.jpg,96
./EKG_unzip\EKG_001-120\14.jpg,90
./EKG_unzip\EKG_001-120\15.jpg,6
./EKG_unzip\EKG_001-120\16.jpg,48
./EKG_unzip\EKG_001-120\17.jpg,30
./EKG_unzip\EKG_001-120\18.jpg,36
./EKG_unzip\EKG_001-120\19.jpg,30
./EKG_unzip\EKG_001-120\20.jpg,78
./EKG_unzip\EKG_001-120\21.jpg,18
./EKG_unzip\EKG_001-120\22.jpg,18
./EKG_unzip\EKG_001-120\23.jpg,144
./EKG_unzip\EKG_001-120\24.jpg,120
./EKG_unzip\EKG_001-120\25.jpg,78
./EKG_unzip\EKG_001-120\26.jpg,18
./EKG_unzip\EKG_001-120\27.jpg,72
./EKG_unzip\EKG_001-120\28.jpg,12
./EKG_unzip\EKG_001-120\29.jpg,72
./EKG_unzip\EKG_001-120\30.jpg,66
./EKG_unzip\EKG_001-120\31.jpg,18
./EKG_unzip\EKG_001-120\32.jpg,90
./EKG_unzip\EKG_001-120\33.jpg,6
./EKG_unzip\EKG_001-120\34.jpg,90
./EKG_unzip\EKG_001-120\35.jpg,18
./EKG_unzip\EKG_001-120\36.jpg,114
./EKG_unzip\EKG_001-120\37.jpg,24
./EKG_unzip\EKG_001-120\38.jpg,84
./EKG_unzip\EKG_001-120\39.jpg,78
./EKG_unzip\EKG_001-120\40.jpg,36
./EKG_unzip\EKG_001-120\41.jpg,54
./EKG_unzip\EKG_001-120\42.jpg,102
./EKG_unzip\EKG_001-120\43.jpg,18
./EKG_unzip\EKG_001-120\44.jpg,120
./EKG_unzip\EKG_001-120\45.jpg,12
./EKG_unzip\EKG_001-120\46.jpg,90
./EKG_unzip\EKG_001-120\47.jpg,84
./EKG_unzip\EKG_001-120\48.jpg,114
./EKG_unzip\EKG_001-120\49.jpg,42
./EKG_unzip\EKG_001-120\50.jpg,174
./EKG_unzip\EKG_001-120\51.jpg,108
./EKG_unzip\EKG_001-120\52.jpg,138
./EKG_unzip\EKG_001-120\53.jpg,30
./EKG_unzip\EKG_001-120\54.jpg,12
./EKG_unzip\EKG_001-120\55.jpg,96
./EKG_unzip\EKG_001-120\56.jpg,90
./EKG_unzip\EKG_001-120\57.jpg,102
./EKG_unzip\EKG_001-120\58.jpg,42
./EKG_unzip\EKG_001-120\59.jpg,60
./EKG_unzip\EKG_001-120\60.jpg,84
./EKG_unzip\EKG_001-120\61.jpg,78
./EKG_unzip\EKG_001-120\62.jpg,18
./EKG_unzip\EKG_001-120\63.jpg,78
./EKG_unzip\EKG_001-120\64.jpg,78
./EKG_unzip\EKG_001-120\65.jpg,42
./EKG_unzip\EKG_001-120\66.jpg,18
./EKG_unzip\EKG_001-120\67.jpg,78
./EKG_unzip\EKG_001-120\68.jpg,30
./EKG_unzip\EKG_001-120\69.jpg,60
./EKG_unzip\EKG_001-120\70.jpg,66
./EKG_unzip\EKG_001-120\71.jpg,12
./EKG_unzip\EKG_001-120\72.jpg,102
./EKG_unzip\EKG_001-120\73.jpg,18
./EKG_unzip\EKG_001-120\74.jpg,12
./EKG_unzip\EKG_001-120\75.jpg,30
./EKG_unzip\EKG_001-120\76.jpg,84
./EKG_unzip\EKG_001-120\77.jpg,114
./EKG_unzip\EKG_001-120\78.jpg,72
./EKG_unzip\EKG_001-120\79.jpg,18
./EKG_unzip\EKG_001-120\80.jpg,72
./EKG_unzip\EKG_001-120\81.jpg,162
./EKG_unzip\EKG_001-120\82.jpg,54
./EKG_unzip\EKG_001-120\83.jpg,72
./EKG_unzip\EKG_001-120\84.jpg,30
./EKG_unzip\EKG_001-120\85.jpg,120
./EKG_unzip\EKG_001-120\86.jpg,78
./EKG_unzip\EKG_001-120\87.jpg,24
./EKG_unzip\EKG_001-120\88.jpg,126
./EKG_unzip\EKG_001-120\89.jpg,72
./EKG_unzip\EKG_001-120\90.jpg,60
./EKG_unzip\EKG_001-120\91.jpg,78
./EKG_unzip\EKG_001-120\92.jpg,78
./EKG_unzip\EKG_001-120\93.jpg,54
./EKG_unzip\EKG_001-120\94.jpg,24
./EKG_unzip\EKG_001-120\95.jpg,42
./EKG_unzip\EKG_001-120\96.jpg,30
./EKG_unzip\EKG_001-120\97.jpg,54
./EKG_unzip\EKG_001-120\98.jpg,90
./EKG_unzip\EKG_001-120\99.jpg,6
./EKG_unzip\EKG_001-120\100.jpg,72
./EKG_unzip\EKG_001-120\101.jpg,60
./EKG_unzip\EKG_001-120\102.jpg,66
./EKG_unzip\EKG_001-120\103.jpg,168
./EKG_unzip\EKG_001-120\104.jpg,72
./EKG_unzip\EKG_001-120\105.jpg,18
./EKG_unzip\EKG_001-120\106.jpg,102
./EKG_unzip\EKG_001-120\107.jpg,90
./EKG_unzip\EKG_001-120\108.jpg,72
./EKG_unzip\EKG_001-120\109.jpg,84
./EKG_unzip\EKG_001-120\110.jpg,90
./EKG_unzip\EKG_001-120\111.jpg,12
./EKG_unzip\EKG_001-120\112.jpg,72
./EKG_unzip\EKG_001-120\113.jpg,12
./EKG_unzip\EKG_001-120\114.jpg,72
./EKG_unzip\EKG_001-120\115.jpg,6
./EKG_unzip\EKG_001-120\116.jpg,78
./EKG_unzip\EKG_001-120\117.jpg,198
./EKG_unzip\EKG_001-120\118.jpg,54
./EKG_unzip\EKG_001-120\119.jpg,84
./EKG_unzip\EKG_001-120\120.jpg,30
./EKG_unzip\EKG_121-240\121.jpg,78
./EKG_unzip\EKG_121-240\122.jpg,102
./EKG_unzip\EKG_121-240\123.jpg,36
./EKG_unzip\EKG_121-240\124.jpg,66
./EKG_unzip\EKG_121-240\125.jpg,60
./EKG_unzip\EKG_121-240\126.jpg,144
./EKG_unzip\EKG_121-240\127.jpg,78
./EKG_unzip\EKG_121-240\128.jpg,66
./EKG_unzip\EKG_121-240\129.jpg,30
./EKG_unzip\EKG_121-240\130.jpg,6
./EKG_unzip\EKG_121-240\131.jpg,138
./EKG_unzip\EKG_121-240\132.jpg,72
./EKG_unzip\EKG_121-240\133.jpg,78
./EKG_unzip\EKG_121-240\134.jpg,78
./EKG_unzip\EKG_121-240\135.jpg,72
./EKG_unzip\EKG_121-240\136.jpg,108
./EKG_unzip\EKG_121-240\137.jpg,54
./EKG_unzip\EKG_121-240\138.jpg,78
./EKG_unzip\EKG_121-240\139.jpg,66
./EKG_unzip\EKG_121-240\140.jpg,60
./EKG_unzip\EKG_121-240\141.jpg,6
./EKG_unzip\EKG_121-240\142.jpg,18
./EKG_unzip\EKG_121-240\143.jpg,60
./EKG_unzip\EKG_121-240\144.jpg,24
./EKG_unzip\EKG_121-240\145.jpg,66
./EKG_unzip\EKG_121-240\146.jpg,192
./EKG_unzip\EKG_121-240\147.jpg,84
./EKG_unzip\EKG_121-240\148.jpg,66
./EKG_unzip\EKG_121-240\149.jpg,90
./EKG_unzip\EKG_121-240\150.jpg,66
./EKG_unzip\EKG_121-240\151.jpg,84
./EKG_unzip\EKG_121-240\152.jpg,78
./EKG_unzip\EKG_121-240\153.jpg,72
./EKG_unzip\EKG_121-240\154.jpg,54
./EKG_unzip\EKG_121-240\155.jpg,72
./EKG_unzip\EKG_121-240\156.jpg,60
./EKG_unzip\EKG_121-240\157.jpg,96
./EKG_unzip\EKG_121-240\158.jpg,84
./EKG_unzip\EKG_121-240\159.jpg,78
./EKG_unzip\EKG_121-240\160.jpg,60
./EKG_unzip\EKG_121-240\161.jpg,120
./EKG_unzip\EKG_121-240\162.jpg,24
./EKG_unzip\EKG_121-240\163.jpg,60
./EKG_unzip\EKG_121-240\164.jpg,60
./EKG_unzip\EKG_121-240\165.jpg,66
./EKG_unzip\EKG_121-240\166.jpg,84
./EKG_unzip\EKG_121-240\167.jpg,96
./EKG_unzip\EKG_121-240\168.jpg,30
./EKG_unzip\EKG_121-240\169.jpg,72
./EKG_unzip\EKG_121-240\170.jpg,66
./EKG_unzip\EKG_121-240\171.jpg,66
./EKG_unzip\EKG_121-240\172.jpg,108
./EKG_unzip\EKG_121-240\173.jpg,42
./EKG_unzip\EKG_121-240\174.jpg,90
./EKG_unzip\EKG_121-240\175.jpg,48
./EKG_unzip\EKG_121-240\176.jpg,60
./EKG_unzip\EKG_121-240\177.jpg,72
./EKG_unzip\EKG_121-240\178.jpg,66
./EKG_unzip\EKG_121-240\179.jpg,42
./EKG_unzip\EKG_121-240\180.jpg,72
./EKG_unzip\EKG_121-240\181.jpg,24
./EKG_unzip\EKG_121-240\182.jpg,72
./EKG_unzip\EKG_121-240\183.jpg,72
./EKG_unzip\EKG_121-240\184.jpg,6
./EKG_unzip\EKG_121-240\185.jpg,78
./EKG_unzip\EKG_121-240\186.jpg,90
./EKG_unzip\EKG_121-240\187.jpg,90
./EKG_unzip\EKG_121-240\188.jpg,30
./EKG_unzip\EKG_121-240\189.jpg,84
./EKG_unzip\EKG_121-240\190.jpg,72
./EKG_unzip\EKG_121-240\191.jpg,72
./EKG_unzip\EKG_121-240\192.jpg,120
./EKG_unzip\EKG_121-240\193.jpg,72
./EKG_unzip\EKG_121-240\194.jpg,264
./EKG_unzip\EKG_121-240\195.jpg,78
./EKG_unzip\EKG_121-240\196.jpg,48
./EKG_unzip\EKG_121-240\197.jpg,72
./EKG_unzip\EKG_121-240\198.jpg,72
./EKG_unzip\EKG_121-240\199.jpg,60
./EKG_unzip\EKG_121-240\200.jpg,60
./EKG_unzip\EKG_121-240\201.jpg,84
./EKG_unzip\EKG_121-240\202.jpg,90
./EKG_unzip\EKG_121-240\203.jpg,96
./EKG_unzip\EKG_121-240\204.jpg,78
./EKG_unzip\EKG_121-240\205.jpg,18
./EKG_unzip\EKG_121-240\206.jpg,78
./EKG_unzip\EKG_121-240\207.jpg,90
./EKG_unzip\EKG_121-240\208.jpg,84
./EKG_unzip\EKG_121-240\209.jpg,72
./EKG_unzip\EKG_121-240\210.jpg,84
./EKG_unzip\EKG_121-240\211.jpg,306
./EKG_unzip\EKG_121-240\212.jpg,18
./EKG_unzip\EKG_121-240\213.jpg,60
./EKG_unzip\EKG_121-240\214.jpg,72
./EKG_unzip\EKG_121-240\215.jpg,24
./EKG_unzip\EKG_121-240\216.jpg,78
./EKG_unzip\EKG_121-240\217.jpg,60
./EKG_unzip\EKG_121-240\218.jpg,60
./EKG_unzip\EKG_121-240\219.jpg,24
./EKG_unzip\EKG_121-240\220.jpg,72
./EKG_unzip\EKG_121-240\221.jpg,78
./EKG_unzip\EKG_121-240\222.jpg,60
./EKG_unzip\EKG_121-240\223.jpg,12
./EKG_unzip\EKG_121-240\224.jpg,60
./EKG_unzip\EKG_121-240\225.jpg,240
./EKG_unzip\EKG_121-240\226.jpg,66
./EKG_unzip\EKG_121-240\227.jpg,72
./EKG_unzip\EKG_121-240\228.jpg,84
./EKG_unzip\EKG_121-240\229.jpg,24
./EKG_unzip\EKG_121-240\230.jpg,54
./EKG_unzip\EKG_121-240\231.jpg,66
./EKG_unzip\EKG_121-240\232.jpg,102
./EKG_unzip\EKG_121-240\233.jpg,18
./EKG_unzip\EKG_121-240\234.jpg,12
./EKG_unzip\EKG_121-240\235.jpg,102
./EKG_unzip\EKG_121-240\236.jpg,30
./EKG_unzip\EKG_121-240\237.jpg,72
./EKG_unzip\EKG_121-240\238.jpg,102
./EKG_unzip\EKG_121-240\239.jpg,102
./EKG_unzip\EKG_121-240\240.jpg,30
./EKG_unzip\EKG_241-360\241.jpg,132
./EKG_unzip\EKG_241-360\242.jpg,6
./EKG_unzip\EKG_241-360\243.jpg,96
./EKG_unzip\EKG_241-360\244.jpg,60
./EKG_unzip\EKG_241-360\245.jpg,30
./EKG_unzip\EKG_241-360\246.jpg,72
./EKG_unzip\EKG_241-360\247.jpg,18
./EKG_unzip\EKG_241-360\248.jpg,6
./EKG_unzip\EKG_241-360\249.jpg,48
./EKG_unzip\EKG_241-360\250.jpg,18
./EKG_unzip\EKG_241-360\251.jpg,342
./EKG_unzip\EKG_241-360\252.jpg,18
./EKG_unzip\EKG_241-360\253.jpg,72
./EKG_unzip\EKG_241-360\254.jpg,60
./EKG_unzip\EKG_241-360\255.jpg,96
./EKG_unzip\EKG_241-360\256.jpg,84
./EKG_unzip\EKG_241-360\257.jpg,84
./EKG_unzip\EKG_241-360\258.jpg,102
./EKG_unzip\EKG_241-360\259.jpg,84
./EKG_unzip\EKG_241-360\260.jpg,78
./EKG_unzip\EKG_241-360\261.jpg,54
./EKG_unzip\EKG_241-360\262.jpg,42
./EKG_unzip\EKG_241-360\263.jpg,114
./EKG_unzip\EKG_241-360\264.jpg,30
./EKG_unzip\EKG_241-360\265.jpg,78
./EKG_unzip\EKG_241-360\266.jpg,36
./EKG_unzip\EKG_241-360\267.jpg,36
./EKG_unzip\EKG_241-360\268.jpg,96
./EKG_unzip\EKG_241-360\269.jpg,72
./EKG_unzip\EKG_241-360\270.jpg,36
./EKG_unzip\EKG_241-360\271.jpg,36
./EKG_unzip\EKG_241-360\272.jpg,90
./EKG_unzip\EKG_241-360\273.jpg,36
./EKG_unzip\EKG_241-360\274.jpg,18
./EKG_unzip\EKG_241-360\275.jpg,66
./EKG_unzip\EKG_241-360\276.jpg,120
./EKG_unzip\EKG_241-360\277.jpg,12
./EKG_unzip\EKG_241-360\278.jpg,18
./EKG_unzip\EKG_241-360\279.jpg,18
./EKG_unzip\EKG_241-360\280.jpg,108
./EKG_unzip\EKG_241-360\281.jpg,126
./EKG_unzip\EKG_241-360\282.jpg,24
./EKG_unzip\EKG_241-360\283.jpg,12
./EKG_unzip\EKG_241-360\284.jpg,96
./EKG_unzip\EKG_241-360\285.jpg,30
./EKG_unzip\EKG_241-360\286.jpg,126
./EKG_unzip\EKG_241-360\287.jpg,168
./EKG_unzip\EKG_241-360\288.jpg,84
./EKG_unzip\EKG_241-360\289.jpg,96
./EKG_unzip\EKG_241-360\290.jpg,18
./EKG_unzip\EKG_241-360\291.jpg,30
./EKG_unzip\EKG_241-360\292.jpg,108
./EKG_unzip\EKG_241-360\293.jpg,18
./EKG_unzip\EKG_241-360\294.jpg,90
./EKG_unzip\EKG_241-360\295.jpg,90
./EKG_unzip\EKG_241-360\296.jpg,72
./EKG_unzip\EKG_241-360\297.jpg,102
./EKG_unzip\EKG_241-360\298.jpg,126
./EKG_unzip\EKG_241-360\299.jpg,18
./EKG_unzip\EKG_241-360\300.jpg,6
./EKG_unzip\EKG_241-360\301.jpg,90
./EKG_unzip\EKG_241-360\302.jpg,126
./EKG_unzip\EKG_241-360\303.jpg,24
./EKG_unzip\EKG_241-360\304.jpg,150
./EKG_unzip\EKG_241-360\305.jpg,12
./EKG_unzip\EKG_241-360\306.jpg,120
./EKG_unzip\EKG_241-360\307.jpg,84
./EKG_unzip\EKG_241-360\308.jpg,18
./EKG_unzip\EKG_241-360\309.jpg,66
./EKG_unzip\EKG_241-360\310.jpg,72
./EKG_unzip\EKG_241-360\311.jpg,84
./EKG_unzip\EKG_241-360\312.jpg,96
./EKG_unzip\EKG_241-360\313.jpg,36
./EKG_unzip\EKG_241-360\314.jpg,72
./EKG_unzip\EKG_241-360\315.jpg,156
./EKG_unzip\EKG_241-360\316.jpg,54
./EKG_unzip\EKG_241-360\317.jpg,66
./EKG_unzip\EKG_241-360\318.jpg,12
./EKG_unzip\EKG_241-360\319.jpg,90
./EKG_unzip\EKG_241-360\320.jpg,78
./EKG_unzip\EKG_241-360\321.jpg,78
./EKG_unzip\EKG_241-360\322.jpg,54
./EKG_unzip\EKG_241-360\323.jpg,18
./EKG_unzip\EKG_241-360\324.jpg,42
./EKG_unzip\EKG_241-360\325.jpg,72
./EKG_unzip\EKG_241-360\326.jpg,36
./EKG_unzip\EKG_241-360\327.jpg,102
./EKG_unzip\EKG_241-360\328.jpg,78
./EKG_unzip\EKG_241-360\329.jpg,78
./EKG_unzip\EKG_241-360\330.jpg,72
./EKG_unzip\EKG_241-360\331.jpg,30
./EKG_unzip\EKG_241-360\332.jpg,102
./EKG_unzip\EKG_241-360\333.jpg,6
./EKG_unzip\EKG_241-360\334.jpg,18
./EKG_unzip\EKG_241-360\335.jpg,66
./EKG_unzip\EKG_241-360\336.jpg,24
./EKG_unzip\EKG_241-360\337.jpg,66
./EKG_unzip\EKG_241-360\338.jpg,78
./EKG_unzip\EKG_241-360\339.jpg,60
./EKG_unzip\EKG_241-360\340.jpg,18
./EKG_unzip\EKG_241-360\341.jpg,78
./EKG_unzip\EKG_241-360\342.jpg,24
./EKG_unzip\EKG_241-360\343.jpg,78
./EKG_unzip\EKG_241-360\344.jpg,78
./EKG_unzip\EKG_241-360\345.jpg,60
./EKG_unzip\EKG_241-360\346.jpg,6
./EKG_unzip\EKG_241-360\347.jpg,6
./EKG_unzip\EKG_241-360\348.jpg,12
./EKG_unzip\EKG_241-360\349.jpg,84
./EKG_unzip\EKG_241-360\350.jpg,72
./EKG_unzip\EKG_241-360\351.jpg,66
./EKG_unzip\EKG_241-360\352.jpg,96
./EKG_unzip\EKG_241-360\353.jpg,78
./EKG_unzip\EKG_241-360\354.jpg,78
./EKG_unzip\EKG_241-360\355.jpg,162
./EKG_unzip\EKG_241-360\356.jpg,78
./EKG_unzip\EKG_241-360\357.jpg,78
./EKG_unzip\EKG_241-360\358.jpg,60
./EKG_unzip\EKG_241-360\359.jpg,18
./EKG_unzip\EKG_241-360\360.jpg,54
./EKG_unzip\EKG_361-480\361.jpg,84
./EKG_unzip\EKG_361-480\362.jpg,114
./EKG_unzip\EKG_361-480\363.jpg,78
./EKG_unzip\EKG_361-480\364.jpg,12
./EKG_unzip\EKG_361-480\365.jpg,66
./EKG_unzip\EKG_361-480\366.jpg,42
./EKG_unzip\EKG_361-480\367.jpg,66
./EKG_unzip\EKG_361-480\368.jpg,72
./EKG_unzip\EKG_361-480\369.jpg,72
./EKG_unzip\EKG_361-480\370.jpg,84
./EKG_unzip\EKG_361-480\371.jpg,24
./EKG_unzip\EKG_361-480\372.jpg,78
./EKG_unzip\EKG_361-480\373.jpg,72
./EKG_unzip\EKG_361-480\374.jpg,18
./EKG_unzip\EKG_361-480\375.jpg,84
./EKG_unzip\EKG_361-480\376.jpg,126
./EKG_unzip\EKG_361-480\377.jpg,12
./EKG_unzip\EKG_361-480\378.jpg,84
./EKG_unzip\EKG_361-480\379.jpg,66
./EKG_unzip\EKG_361-480\380.jpg,78
./EKG_unzip\EKG_361-480\381.jpg,30
./EKG_unzip\EKG_361-480\382.jpg,102
./EKG_unzip\EKG_361-480\383.jpg,72
./EKG_unzip\EKG_361-480\384.jpg,78
./EKG_unzip\EKG_361-480\385.jpg,72
./EKG_unzip\EKG_361-480\386.jpg,114
./EKG_unzip\EKG_361-480\387.jpg,108
./EKG_unzip\EKG_361-480\388.jpg,90
./EKG_unzip\EKG_361-480\389.jpg,84
./EKG_unzip\EKG_361-480\390.jpg,72
./EKG_unzip\EKG_361-480\391.jpg,54
./EKG_unzip\EKG_361-480\392.jpg,60
./EKG_unzip\EKG_361-480\393.jpg,6
./EKG_unzip\EKG_361-480\394.jpg,60
./EKG_unzip\EKG_361-480\395.jpg,36
./EKG_unzip\EKG_361-480\396.jpg,126
./EKG_unzip\EKG_361-480\397.jpg,102
./EKG_unzip\EKG_361-480\398.jpg,30
./EKG_unzip\EKG_361-480\399.jpg,12
./EKG_unzip\EKG_361-480\400.jpg,12
./EKG_unzip\EKG_361-480\401.jpg,18
./EKG_unzip\EKG_361-480\402.jpg,12
./EKG_unzip\EKG_361-480\403.jpg,90
./EKG_unzip\EKG_361-480\404.jpg,96
./EKG_unzip\EKG_361-480\405.jpg,6
./EKG_unzip\EKG_361-480\406.jpg,6
./EKG_unzip\EKG_361-480\407.jpg,78
./EKG_unzip\EKG_361-480\408.jpg,54
./EKG_unzip\EKG_361-480\409.jpg,42
./EKG_unzip\EKG_361-480\410.jpg,66
./EKG_unzip\EKG_361-480\411.jpg,24
./EKG_unzip\EKG_361-480\412.jpg,84
./EKG_unzip\EKG_361-480\413.jpg,72
./EKG_unzip\EKG_361-480\414.jpg,90
./EKG_unzip\EKG_361-480\415.jpg,78
./EKG_unzip\EKG_361-480\416.jpg,90
./EKG_unzip\EKG_361-480\417.jpg,54
./EKG_unzip\EKG_361-480\418.jpg,84
./EKG_unzip\EKG_361-480\419.jpg,72
./EKG_unzip\EKG_361-480\420.jpg,12
./EKG_unzip\EKG_361-480\421.jpg,66
./EKG_unzip\EKG_361-480\422.jpg,6
./EKG_unzip\EKG_361-480\423.jpg,18
./EKG_unzip\EKG_361-480\424.jpg,66
./EKG_unzip\EKG_361-480\425.jpg,12
./EKG_unzip\EKG_361-480\426.jpg,66
./EKG_unzip\EKG_361-480\427.jpg,12
./EKG_unzip\EKG_361-480\428.jpg,24
./EKG_unzip\EKG_361-480\429.jpg,18
./EKG_unzip\EKG_361-480\430.jpg,114
./EKG_unzip\EKG_361-480\431.jpg,78
./EKG_unzip\EKG_361-480\432.jpg,78
./EKG_unzip\EKG_361-480\433.jpg,42
./EKG_unzip\EKG_361-480\434.jpg,6
./EKG_unzip\EKG_361-480\435.jpg,108
./EKG_unzip\EKG_361-480\436.jpg,18
./EKG_unzip\EKG_361-480\437.jpg,96
./EKG_unzip\EKG_361-480\438.jpg,168
./EKG_unzip\EKG_361-480\439.jpg,108
./EKG_unzip\EKG_361-480\440.jpg,6
./EKG_unzip\EKG_361-480\441.jpg,114
./EKG_unzip\EKG_361-480\442.jpg,108
./EKG_unzip\EKG_361-480\443.jpg,84
./EKG_unzip\EKG_361-480\444.jpg,6
./EKG_unzip\EKG_361-480\445.jpg,84
./EKG_unzip\EKG_361-480\446.jpg,90
./EKG_unzip\EKG_361-480\447.jpg,84
./EKG_unzip\EKG_361-480\448.jpg,72
./EKG_unzip\EKG_361-480\449.jpg,6
./EKG_unzip\EKG_361-480\450.jpg,66
./EKG_unzip\EKG_361-480\451.jpg,24
./EKG_unzip\EKG_361-480\452.jpg,24
./EKG_unzip\EKG_361-480\453.jpg,102
./EKG_unzip\EKG_361-480\454.jpg,102
./EKG_unzip\EKG_361-480\455.jpg,48
./EKG_unzip\EKG_361-480\456.jpg,6
./EKG_unzip\EKG_361-480\457.jpg,6
./EKG_unzip\EKG_361-480\458.jpg,84
./EKG_unzip\EKG_361-480\459.jpg,102
./EKG_unzip\EKG_361-480\460.jpg,12
./EKG_unzip\EKG_361-480\461.jpg,66
./EKG_unzip\EKG_361-480\462.jpg,108
./EKG_unzip\EKG_361-480\463.jpg,84
./EKG_unzip\EKG_361-480\464.jpg,66
./EKG_unzip\EKG_361-480\465.jpg,150
./EKG_unzip\EKG_361-480\466.jpg,114
./EKG_unzip\EKG_361-480\467.jpg,60
./EKG_unzip\EKG_361-480\468.jpg,132
./EKG_unzip\EKG_361-480\469.jpg,60
./EKG_unzip\EKG_361-480\470.jpg,78
./EKG_unzip\EKG_361-480\471.jpg,120
./EKG_unzip\EKG_361-480\472.jpg,60
./EKG_unzip\EKG_361-480\473.jpg,66
./EKG_unzip\EKG_361-480\474.jpg,102
./EKG_unzip\EKG_361-480\475.jpg,102
./EKG_unzip\EKG_361-480\476.jpg,24
./EKG_unzip\EKG_361-480\477.jpg,72
./EKG_unzip\EKG_361-480\478.jpg,102
./EKG_unzip\EKG_361-480\479.jpg,66
./EKG_unzip\EKG_361-480\480.jpg,96
./EKG_unzip\EKG_481-600\481.jpg,108
./EKG_unzip\EKG_481-600\482.jpg,114
./EKG_unzip\EKG_481-600\483.jpg,24
./EKG_unzip\EKG_481-600\484.jpg,78
./EKG_unzip\EKG_481-600\485.jpg,72
./EKG_unzip\EKG_481-600\486.jpg,66
./EKG_unzip\EKG_481-600\487.jpg,90
./EKG_unzip\EKG_481-600\488.jpg,30
./EKG_unzip\EKG_481-600\489.jpg,30
./EKG_unzip\EKG_481-600\490.jpg,78
./EKG_unzip\EKG_481-600\491.jpg,18
./EKG_unzip\EKG_481-600\492.jpg,60
./EKG_unzip\EKG_481-600\493.jpg,84
./EKG_unzip\EKG_481-600\494.jpg,114
./EKG_unzip\EKG_481-600\495.jpg,138
./EKG_unzip\EKG_481-600\496.jpg,96
./EKG_unzip\EKG_481-600\497.jpg,6
./EKG_unzip\EKG_481-600\498.jpg,84
./EKG_unzip\EKG_481-600\499.jpg,66
./EKG_unzip\EKG_481-600\500.jpg,66
./EKG_unzip\EKG_481-600\501.jpg,30
./EKG_unzip\EKG_481-600\502.jpg,54
./EKG_unzip\EKG_481-600\503.jpg,108
./EKG_unzip\EKG_481-600\504.jpg,72
./EKG_unzip\EKG_481-600\505.jpg,54
./EKG_unzip\EKG_481-600\506.jpg,108
./EKG_unzip\EKG_481-600\507.jpg,66
./EKG_unzip\EKG_481-600\508.jpg,84
./EKG_unzip\EKG_481-600\509.jpg,96
./EKG_unzip\EKG_481-600\510.jpg,48
./EKG_unzip\EKG_481-600\511.jpg,54
./EKG_unzip\EKG_481-600\512.jpg,66
./EKG_unzip\EKG_481-600\513.jpg,78
./EKG_unzip\EKG_481-600\514.jpg,90
./EKG_unzip\EKG_481-600\515.jpg,18
./EKG_unzip\EKG_481-600\516.jpg,96
./EKG_unzip\EKG_481-600\517.jpg,24
./EKG_unzip\EKG_481-600\518.jpg,6
./EKG_unzip\EKG_481-600\519.jpg,84
./EKG_unzip\EKG_481-600\520.jpg,114
./EKG_unzip\EKG_481-600\521.jpg,72
./EKG_unzip\EKG_481-600\522.jpg,102
./EKG_unzip\EKG_481-600\523.jpg,132
./EKG_unzip\EKG_481-600\524.jpg,66
./EKG_unzip\EKG_481-600\525.jpg,96
./EKG_unzip\EKG_481-600\526.jpg,102
./EKG_unzip\EKG_481-600\527.jpg,18
./EKG_unzip\EKG_481-600\528.jpg,96
./EKG_unzip\EKG_481-600\529.jpg,102
./EKG_unzip\EKG_481-600\530.jpg,72
./EKG_unzip\EKG_481-600\531.jpg,66
./EKG_unzip\EKG_481-600\532.jpg,78
./EKG_unzip\EKG_481-600\533.jpg,48
./EKG_unzip\EKG_481-600\534.jpg,90
./EKG_unzip\EKG_481-600\535.jpg,60
./EKG_unzip\EKG_481-600\536.jpg,36
./EKG_unzip\EKG_481-600\537.jpg,90
./EKG_unzip\EKG_481-600\538.jpg,48
./EKG_unzip\EKG_481-600\539.jpg,84
./EKG_unzip\EKG_481-600\540.jpg,108
./EKG_unzip\EKG_481-600\541.jpg,72
./EKG_unzip\EKG_481-600\542.jpg,84
./EKG_unzip\EKG_481-600\543.jpg,72
./EKG_unzip\EKG_481-600\544.jpg,72
./EKG_unzip\EKG_481-600\545.jpg,78
./EKG_unzip\EKG_481-600\546.jpg,78
./EKG_unzip\EKG_481-600\547.jpg,450
./EKG_unzip\EKG_481-600\548.jpg,96
./EKG_unzip\EKG_481-600\549.jpg,108
./EKG_unzip\EKG_481-600\550.jpg,72
./EKG_unzip\EKG_481-600\551.jpg,90
./EKG_unzip\EKG_481-600\552.jpg,60
./EKG_unzip\EKG_481-600\553.jpg,114
./EKG_unzip\EKG_481-600\554.jpg,72
./EKG_unzip\EKG_481-600\555.jpg,126
./EKG_unzip\EKG_481-600\556.jpg,18
./EKG_unzip\EKG_481-600\557.jpg,114
./EKG_unzip\EKG_481-600\558.jpg,96
./EKG_unzip\EKG_481-600\559.jpg,18
./EKG_unzip\EKG_481-600\560.jpg,102
./EKG_unzip\EKG_481-600\561.jpg,60
./EKG_unzip\EKG_481-600\562.jpg,90
./EKG_unzip\EKG_481-600\563.jpg,60
./EKG_unzip\EKG_481-600\564.jpg,12
./EKG_unzip\EKG_481-600\565.jpg,90
./EKG_unzip\EKG_481-600\566.jpg,138
./EKG_unzip\EKG_481-600\567.jpg,84
./EKG_unzip\EKG_481-600\568.jpg,72
./EKG_unzip\EKG_481-600\569.jpg,18
./EKG_unzip\EKG_481-600\570.jpg,66
./EKG_unzip\EKG_481-600\571.jpg,126
./EKG_unzip\EKG_481-600\572.jpg,78
./EKG_unzip\EKG_481-600\573.jpg,24
./EKG_unzip\EKG_481-600\574.jpg,90
./EKG_unzip\EKG_481-600\575.jpg,90
./EKG_unzip\EKG_481-600\576.jpg,24
./EKG_unzip\EKG_481-600\577.jpg,6
./EKG_unzip\EKG_481-600\578.jpg,72
./EKG_unzip\EKG_481-600\579.jpg,90
./EKG_unzip\EKG_481-600\580.jpg,72
./EKG_unzip\EKG_481-600\581.jpg,36
./EKG_unzip\EKG_481-600\582.jpg,72
./EKG_unzip\EKG_481-600\583.jpg,30
./EKG_unzip\EKG_481-600\584.jpg,24
./EKG_unzip\EKG_481-600\585.jpg,96
./EKG_unzip\EKG_481-600\586.jpg,78
./EKG_unzip\EKG_481-600\587.jpg,78
./EKG_unzip\EKG_481-600\588.jpg,6
./EKG_unzip\EKG_481-600\589.jpg,6
./EKG_unzip\EKG_481-600\590.jpg,78
./EKG_unzip\EKG_481-600\591.jpg,36
./EKG_unzip\EKG_481-600\592.jpg,6
./EKG_unzip\EKG_481-600\593.jpg,96
./EKG_unzip\EKG_481-600\594.jpg,78
./EKG_unzip\EKG_481-600\595.jpg,78
./EKG_unzip\EKG_481-600\596.jpg,24
./EKG_unzip\EKG_481-600\597.jpg,66
./EKG_unzip\EKG_481-600\598.jpg,120
./EKG_unzip\EKG_481-600\599.jpg,90
./EKG_unzip\EKG_481-600\600.jpg,66
